"DESCRIPTION","DURATION IN MS","NAME","PARENT SUITE","START TIME","STATUS","STOP TIME","SUB SUITE","SUITE","TEST CLASS","TEST METHOD"
"","5045","Should filter products by query Case: query has full product title","","2026-09-21","passed","2026-09-21","","[WEB] Product filter tests","com.automationexercise.tests.test.web.ProductFilterWebTest","shouldFilterProductByQueryInProductsPageTest"
"","10393","Should scroll to top on [Main] page","","2026-09-21","broken","2026-09-21","","[Screenshot] Page scroller test","com.automationexercise.tests.test.web.PageScrollerWebTest","shouldScrollToTopOnMainPageTest"
"","0","Should not create user with invalid sensitive data name","","2026-09-21","skipped","2026-09-21","","[API] Users test","com.automationexercise.tests.test.api.UserApiTest","shouldNotCreateUserWithInvalidAnotherSensitiveDataTest"
"","147","Should not create user if mandatory param is missing Case: field [lastname] is not provided","","2026-09-21","passed","2026-09-21","","[API] Users test","com.automationexercise.tests.test.api.UserApiTest","shouldNotCreateUserIfMandatoryParamIsMissingTest"
"","5359","Should filter products by query Case: query has full brand title","","2026-09-21","passed","2026-09-21","","[WEB] Product filter tests","com.automationexercise.tests.test.web.ProductFilterWebTest","shouldFilterProductByQueryInProductsPageTest"
"","10206","Success subscribe message should have expected text after sending contact form","","2026-09-21","failed","2026-09-21","","[WEB] Subscription test","com.automationexercise.tests.test.web.SubscriptionWebTest","shouldVisibleCorrectSuccessSubscriptionStatusAfterSendingContactFormTest"
"","876","Should delete user successfully","","2026-09-21","passed","2026-09-21","","[API] Users test","com.automationexercise.tests.test.api.UserApiTest","shouldDeleteUserTest"
"","7327","Should visible empty cart list if all products was removed from cart","","2026-09-21","passed","2026-09-21","","[WEB] Cart page tests","com.automationexercise.tests.test.web.CartWebTest","shouldVisibleEmptyListIfAllProductsRemovedTest"
"","0","Should create user with valid email","","2026-09-21","skipped","2026-09-21","","[API] Users test","com.automationexercise.tests.test.api.UserApiTest","shouldCreateUserWithValidEmailTest"
"","148","Should not create user if mandatory param is missing Case: field [mobile_number] is not provided","","2026-09-21","passed","2026-09-21","","[API] Users test","com.automationexercise.tests.test.api.UserApiTest","shouldNotCreateUserIfMandatoryParamIsMissingTest"
"","3958","Should have expected screenshot product card overlay in [Products] page","","2026-09-21","broken","2026-09-21","","[Screenshot] Product screenshot tests","com.automationexercise.tests.test.web.screenshot.ProductScreenshotTest","shouldHaveExpectedProductCardOverlayScreenshotInProductsPageTest"
"","159","Should get all brands","","2026-09-21","passed","2026-09-21","","[API] Brand test","com.automationexercise.tests.test.api.BrandApiTest","shouldGetAllBrandsTest"
"","6910","Should have product details screenshot","","2026-09-21","broken","2026-09-21","","[Screenshot] Product screenshot tests","com.automationexercise.tests.test.web.screenshot.ProductScreenshotTest","shouldHaveProductDetailsScreenshotTest"
"","0","Should not create user with invalid password","","2026-09-21","skipped","2026-09-21","","[API] Users test","com.automationexercise.tests.test.api.UserApiTest","shouldNotCreateUserWithInvalidPasswordTest"
"","145","Should return BAD_REQUEST if provide invalid data Case: password not present","","2026-09-21","passed","2026-09-21","","[API] Verify Login test","com.automationexercise.tests.test.api.VerifyLoginApiTest","shouldReturnBadRequestIfCredentialsIsInvalidTest"
"","7134","Should filter products by query Case: query has full category title","","2026-09-21","passed","2026-09-21","","[WEB] Product filter tests","com.automationexercise.tests.test.web.ProductFilterWebTest","shouldFilterProductByQueryInProductsPageTest"
"","5591","Should visible empty cart list if products not added to cart","","2026-09-21","passed","2026-09-21","","[WEB] Cart page tests","com.automationexercise.tests.test.web.CartWebTest","shouldVisibleEmptyListIfProductsNotAddedToCartTest"
"","130","Should return BAD_REQUEST if provide invalid data Case: email not present","","2026-09-21","passed","2026-09-21","","[API] Verify Login test","com.automationexercise.tests.test.api.VerifyLoginApiTest","shouldReturnBadRequestIfCredentialsIsInvalidTest"
"","3668","Should add recommended product to cart","","2026-09-21","passed","2026-09-21","","[WEB] Product carousel tests","com.automationexercise.tests.test.web.ProductCarouselWebTest","shouldAddRecommendedProductToCartTest"
"","6319","Should recommended products carousel show previous slide","","2026-09-21","failed","2026-09-21","","[Screenshot] Product carousel tests","com.automationexercise.tests.test.web.screenshot.ProductCarouselScreenshotTest","shouldShowPreviousSlideTest"
"","5617","Check should sign in with correct credentials","","2026-09-21","passed","2026-09-21","","[API] Auth test","com.automationexercise.tests.test.api.AuthApiTest","shouldLogoutWithAuthorizedUserTest"
"","148","Should not create user if mandatory param is missing Case: field [email] is not provided","","2026-09-21","passed","2026-09-21","","[API] Users test","com.automationexercise.tests.test.api.UserApiTest","shouldNotCreateUserIfMandatoryParamIsMissingTest"
"","700","Should not create user with exists email","","2026-09-21","passed","2026-09-21","","[API] Users test","com.automationexercise.tests.test.api.UserApiTest","shouldCreateUserWithExistsEmailTest"
"","126","Should not create user if mandatory param is missing Case: field [name] is not provided","","2026-09-21","passed","2026-09-21","","[API] Users test","com.automationexercise.tests.test.api.UserApiTest","shouldNotCreateUserIfMandatoryParamIsMissingTest"
"","36181","Should recommended products carousel show next slide","","2026-09-21","broken","2026-09-21","","[Screenshot] Product carousel tests","com.automationexercise.tests.test.web.screenshot.ProductCarouselScreenshotTest","shouldShowNextSlideTest"
"","9411","Should not exist removed position from cart in [Checkout] page","","2026-09-21","passed","2026-09-21","","[WEB] Checkout page test","com.automationexercise.tests.test.web.CheckoutWebTest","shouldExcludeProductPositionInCheckoutPageIfProductWasRemovedFromCartTest"
"","255","Should get all products","","2026-09-21","passed","2026-09-21","","[API] Products test","com.automationexercise.tests.test.api.ProductApiTest","shouldGetAllProductsTest"
"","0","Should not update user if mandatory param is missing","","2026-09-21","skipped","2026-09-21","","[API] Users test","com.automationexercise.tests.test.api.UserApiTest","shouldNotUpdateUserIfMandatoryParamIsMissingTest"
"","388","Should return empty list if products not found","","2026-09-21","passed","2026-09-21","","[API] Products test","com.automationexercise.tests.test.api.ProductApiTest","shouldReturnEmptyProductsListTest"
"","6776","Should filter products by brand in products page","","2026-09-21","passed","2026-09-21","","[WEB] Product filter tests","com.automationexercise.tests.test.web.ProductFilterWebTest","shouldFilterProductsByBrandInProductsPageTest"
"","0","Should create user with valid sensitive data","","2026-09-21","skipped","2026-09-21","","[API] Users test","com.automationexercise.tests.test.api.UserApiTest","shouldCreateUserWithValidSensitiveDataTest"
"","5982","Should visible [Register/Login] notification after click on [Proceed To Checkout] button if user unauthorized","","2026-09-21","passed","2026-09-21","","[WEB] Cart page tests","com.automationexercise.tests.test.web.CartWebTest","shouldVisibleRegisterAuthorizeNotificationAfterProceedToCheckoutIfUserUnauthorizedTest"
"","4720","Should image carousel show next slide","","2026-09-21","failed","2026-09-21","","[Screenshot] Image carousel tests","com.automationexercise.tests.test.web.screenshot.ImageCarouselScreenshotTest","shouldShowNextSlideTest"
"","146","Should return BAD_REQUEST if provide invalid data Case: password is empty","","2026-09-21","failed","2026-09-21","","[API] Verify Login test","com.automationexercise.tests.test.api.VerifyLoginApiTest","shouldReturnBadRequestIfCredentialsIsInvalidTest"
"","123","Should not create user if mandatory param is missing Case: field [password] is not provided","","2026-09-21","passed","2026-09-21","","[API] Users test","com.automationexercise.tests.test.api.UserApiTest","shouldNotCreateUserIfMandatoryParamIsMissingTest"
"","8455","Should scroll to top on [Products] page","","2026-09-21","broken","2026-09-21","","[Screenshot] Page scroller test","com.automationexercise.tests.test.web.PageScrollerWebTest","shouldScrollToTopOnProductsPageTest"
"","6214","Should filter products by query Case: query is empty","","2026-09-21","passed","2026-09-21","","[WEB] Product filter tests","com.automationexercise.tests.test.web.ProductFilterWebTest","shouldFilterProductByQueryInProductsPageTest"
"","3962","Should have valid product price in main page","","2026-09-21","passed","2026-09-21","","[WEB] Products tests","com.automationexercise.tests.test.web.ProductWebTest","shouldHaveValidPriceTest"
"","135","Should not create user if mandatory param is missing Case: field [country] is not provided","","2026-09-21","passed","2026-09-21","","[API] Users test","com.automationexercise.tests.test.api.UserApiTest","shouldNotCreateUserIfMandatoryParamIsMissingTest"
"","0","Should send product review with valid data","","2026-09-21","skipped","2026-09-21","","[WEB] Products tests","com.automationexercise.tests.test.web.ProductWebTest","shouldSendProductReviewWithValidDataTest"
"","263","Should have expected products total price in [Checkout] page","","2026-09-21","broken","2026-09-21","","[WEB] Checkout page test","com.automationexercise.tests.test.web.CheckoutWebTest","shouldHaveExpectedProductsTotalPriceInCheckoutPage"
"","6474","Should filter products by category in products page","","2026-09-21","passed","2026-09-21","","[WEB] Product filter tests","com.automationexercise.tests.test.web.ProductFilterWebTest","shouldFilterProductsByCategoryInProductsPageTest"
"","5574","Should add product to cart in product page","","2026-09-21","passed","2026-09-21","","[WEB] Products tests","com.automationexercise.tests.test.web.ProductWebTest","shouldAddProductToCartInProductPageTest"
"","4982","Check should not sign in with invalid credentials","","2026-09-21","passed","2026-09-21","","[API] Auth test","com.automationexercise.tests.test.api.AuthApiTest","shouldNotSignInWithInvalidCredentialsTest"
"","130","Should return FALSE if user with expected email not exists","","2026-09-21","passed","2026-09-21","","[API] Verify Login test","com.automationexercise.tests.test.api.VerifyLoginApiTest","shouldReturnFalseIfUserExistsWithValidCredentialsTest"
"","154","Should not create user if mandatory param is missing Case: field [address1] is not provided","","2026-09-21","passed","2026-09-21","","[API] Users test","com.automationexercise.tests.test.api.UserApiTest","shouldNotCreateUserIfMandatoryParamIsMissingTest"
"","5147","Should have expected screenshot of product card in [Products] page","","2026-09-21","broken","2026-09-21","","[Screenshot] Product screenshot tests","com.automationexercise.tests.test.web.screenshot.ProductScreenshotTest","shouldHaveExpectedProductCardScreenshotInProductsPageTest"
"","21682","Should place order with registration before checkout","","2026-09-21","passed","2026-09-21","","[WEB] Payment tests","com.automationexercise.tests.test.web.PaymentWebTest","shouldPlaceOrderWithRegistrationBeforeCheckoutTest"
"","4572","Should subscribe","","2026-09-21","passed","2026-09-21","","[WEB] Subscription test","com.automationexercise.tests.test.web.SubscriptionWebTest","shouldSubscribeTest"
"","193","Should not create user if mandatory param is missing Case: field [city] is not provided","","2026-09-21","passed","2026-09-21","","[API] Users test","com.automationexercise.tests.test.api.UserApiTest","shouldNotCreateUserIfMandatoryParamIsMissingTest"
"","127","Should return NOT_FOUND if deleting user email unknown","","2026-09-21","passed","2026-09-21","","[API] Users test","com.automationexercise.tests.test.api.UserApiTest","shouldReturnNotFoundIfDeletingUserEmailUnknownTest"
"","197","Should filter products","","2026-09-21","passed","2026-09-21","","[API] Products test","com.automationexercise.tests.test.api.ProductApiTest","shouldFilterProductsTest"
"","116","Should return BAD_REQUEST if provide invalid data Case: email is empty","","2026-09-21","failed","2026-09-21","","[API] Verify Login test","com.automationexercise.tests.test.api.VerifyLoginApiTest","shouldReturnBadRequestIfCredentialsIsInvalidTest"
"","4579","Should have expected screenshot of product card in [Main] page","","2026-09-21","broken","2026-09-21","","[Screenshot] Product screenshot tests","com.automationexercise.tests.test.web.screenshot.ProductScreenshotTest","shouldHaveExpectedProductCardScreenshotInMainPageTest"
"","5586","Should filter products by query Case: query has partial category title","","2026-09-21","passed","2026-09-21","","[WEB] Product filter tests","com.automationexercise.tests.test.web.ProductFilterWebTest","shouldFilterProductByQueryInProductsPageTest"
"","7132","Should have expected screenshot product card overlay in [Main] page","","2026-09-21","broken","2026-09-21","","[Screenshot] Product screenshot tests","com.automationexercise.tests.test.web.screenshot.ProductScreenshotTest","shouldHaveExpectedProductCardOverlayScreenshotInMainPageTest"
"","3615","Should send review","","2026-09-21","passed","2026-09-21","","[WEB] Products tests","com.automationexercise.tests.test.web.ProductWebTest","shouldSendProductReviewTest"
"","0","Should update user with valid sensitive data","","2026-09-21","skipped","2026-09-21","","[API] Users test","com.automationexercise.tests.test.api.UserApiTest","shouldUpdateUserWithValidSensitiveDataTest"
"","36559","Should image carousel show previous slide","","2026-09-21","broken","2026-09-21","","[Screenshot] Image carousel tests","com.automationexercise.tests.test.web.screenshot.ImageCarouselScreenshotTest","shouldShowPreviousSlideTest"
"","465","Should create user with valid data","","2026-09-21","passed","2026-09-21","","[API] Users test","com.automationexercise.tests.test.api.UserApiTest","shouldCreateUserWithValidDataTest"
"","0","Should register with valid data","","2026-09-21","skipped","2026-09-21","","[WEB] Registration tests","com.automationexercise.tests.test.web.RegisterWebTest","shouldRegisterWithValidSensitiveDataTest"
"","7553","Should filter products by query Case: query has partial product title","","2026-09-21","passed","2026-09-21","","[WEB] Product filter tests","com.automationexercise.tests.test.web.ProductFilterWebTest","shouldFilterProductByQueryInProductsPageTest"
"","741","Should get user if user exists","","2026-09-21","failed","2026-09-21","","[API] Users test","com.automationexercise.tests.test.api.UserApiTest","shouldGetUserIfUserExistsTest"
"","8446","Should logout with removed user","","2026-09-21","passed","2026-09-21","","[WEB] Login tests","com.automationexercise.tests.test.web.LoginWebTest","shouldLogoutRemovedUserTest"
"","8760","Should sign in with valid credentials","","2026-09-21","passed","2026-09-21","","[WEB] Login tests","com.automationexercise.tests.test.web.LoginWebTest","shouldSignInWithValidCredentialsTest"
"","159","Should not create user if mandatory param is missing Case: field [state] is not provided","","2026-09-21","passed","2026-09-21","","[API] Users test","com.automationexercise.tests.test.api.UserApiTest","shouldNotCreateUserIfMandatoryParamIsMissingTest"
"","0","Should not register with invalid data","","2026-09-21","skipped","2026-09-21","","[WEB] Registration tests","com.automationexercise.tests.test.web.RegisterWebTest","shouldNotRegisterWithInvalidSensitiveDataTest"
"","9580","Should visible [Checkout] page after click on [Proceed To Checkout] button if user authorized","","2026-09-21","passed","2026-09-21","","[WEB] Cart page tests","com.automationexercise.tests.test.web.CartWebTest","shouldGoToCheckoutPageAfterProceedToCheckoutIfUserAuthorizedTest"
"","4730","Should filter products by query Case: query has not exist title of product, brand, category","","2026-09-21","passed","2026-09-21","","[WEB] Product filter tests","com.automationexercise.tests.test.web.ProductFilterWebTest","shouldFilterProductByQueryInProductsPageTest"
"","5401","Check should sign in with correct credentials","","2026-09-21","passed","2026-09-21","","[API] Auth test","com.automationexercise.tests.test.api.AuthApiTest","shouldSignInWithCorrectCredentialsTest"
"","6030","Should not sign in with removed user credentials","","2026-09-21","passed","2026-09-21","","[WEB] Login tests","com.automationexercise.tests.test.web.LoginWebTest","shouldNotSignInWithRemovedUserCredentialsTest"
"","0","Should not send product review with invalid data","","2026-09-21","skipped","2026-09-21","","[WEB] Products tests","com.automationexercise.tests.test.web.ProductWebTest","shouldNotSendProductReviewWithInvalidDataTest"
"","133","Should return NOT_FOUND if email unknown","","2026-09-21","passed","2026-09-21","","[API] Users test","com.automationexercise.tests.test.api.UserApiTest","shouldReturnNotFoundIfEmailUnknownTest"
"","22129","Should place order with registration while checkout","","2026-09-21","passed","2026-09-21","","[WEB] Payment tests","com.automationexercise.tests.test.web.PaymentWebTest","shouldPlaceOrderWithRegistrationWhileCheckoutTest"
"","711","Should return TRUE if user exists with expected credentials","","2026-09-21","passed","2026-09-21","","[API] Verify Login test","com.automationexercise.tests.test.api.VerifyLoginApiTest","shouldReturnTrueIfUserExistsWithValidCredentialsTest"
"","7927","Should logout","","2026-09-21","passed","2026-09-21","","[WEB] Login tests","com.automationexercise.tests.test.web.LoginWebTest","shouldLogoutTest"
"","6192","Should not sign in with invalid email","","2026-09-21","passed","2026-09-21","","[WEB] Login tests","com.automationexercise.tests.test.web.LoginWebTest","shouldNotSignInWithInvalidEmailTest"
"","919","Should update user information","","2026-09-21","passed","2026-09-21","","[API] Users test","com.automationexercise.tests.test.api.UserApiTest","shouldUpdateUserTest"
"","0","Should not create user with invalid email","","2026-09-21","skipped","2026-09-21","","[API] Users test","com.automationexercise.tests.test.api.UserApiTest","shouldNotCreateUserWithInvalidEmailTest"
"","150","Should return NOT_FOUND if updating user email unknown","","2026-09-21","passed","2026-09-21","","[API] Users test","com.automationexercise.tests.test.api.UserApiTest","shouldReturnNotFoundIfUpdatingUserEmailUnknownTest"
"","6301","Should not sign in with invalid password","","2026-09-21","passed","2026-09-21","","[WEB] Login tests","com.automationexercise.tests.test.web.LoginWebTest","shouldNotSignInWithInvalidPasswordTest"
"","7823","Should remove product position if product quantity greater than 1","","2026-09-21","passed","2026-09-21","","[WEB] Cart page tests","com.automationexercise.tests.test.web.CartWebTest","shouldRemoveProductPositionIfProductQuantityGreaterThanOneTest"
"","5572","Should register with valid data","","2026-09-21","passed","2026-09-21","","[WEB] Registration tests","com.automationexercise.tests.test.web.RegisterWebTest","shouldRegisterWithValidDataTest"
"","670","Should return FALSE if password is invalid","","2026-09-21","passed","2026-09-21","","[API] Verify Login test","com.automationexercise.tests.test.api.VerifyLoginApiTest","shouldReturnFalseIfUserExistsWithValidCredentialsTest"
"","22326","Should have valid data in invoice","","2026-09-21","passed","2026-09-21","","[WEB] Payment tests","com.automationexercise.tests.test.web.PaymentWebTest","shouldHaveValidDataInInvoiceFileTest"
"","4685","Should have add to cart notification expected screenshot","","2026-09-21","broken","2026-09-21","","[Screenshot] Product screenshot tests","com.automationexercise.tests.test.web.screenshot.NotificationScreenshotTest","shouldHaveAddToCartNotificationHasScreenshot"
"","37142","Should filter products by category in main page","","2026-09-21","broken","2026-09-21","","[WEB] Product filter tests","com.automationexercise.tests.test.web.ProductFilterWebTest","shouldFilterProductsByCategoryInMainPageTest"
"","7589","Should increase product quantity if added same product","","2026-09-21","passed","2026-09-21","","[WEB] Cart page tests","com.automationexercise.tests.test.web.CartWebTest","shouldIncreaseProductQuantityIfAddedSameProductTest"
"","2530","Should send contact form","","2026-09-21","passed","2026-09-21","","[WEB] Contact us tests","com.automationexercise.tests.test.web.ContactUsWebTest","shouldSendContactUsData"
"","5807","Should filter products by brand in main page","","2026-09-21","passed","2026-09-21","","[WEB] Product filter tests","com.automationexercise.tests.test.web.ProductFilterWebTest","shouldFilterProductsByBrandInMainPageTest"
"","150","Should not create user if mandatory param is missing Case: field [zipcode] is not provided","","2026-09-21","passed","2026-09-21","","[API] Users test","com.automationexercise.tests.test.api.UserApiTest","shouldNotCreateUserIfMandatoryParamIsMissingTest"
"","168","Should not create user if mandatory param is missing Case: field [firstname] is not provided","","2026-09-21","passed","2026-09-21","","[API] Users test","com.automationexercise.tests.test.api.UserApiTest","shouldNotCreateUserIfMandatoryParamIsMissingTest"
"","0","Should not update user with invalid sensitive data name","","2026-09-21","skipped","2026-09-21","","[API] Users test","com.automationexercise.tests.test.api.UserApiTest","shouldNotUpdateUserWithInvalidAnotherSensitiveDataTest"
"","11427","Should have valid product data in product page","","2026-09-21","failed","2026-09-21","","[WEB] Products tests","com.automationexercise.tests.test.web.ProductWebTest","shouldHaveValidProductDataInProductPageTest"
"","0","Should create user with valid password","","2026-09-21","skipped","2026-09-21","","[API] Users test","com.automationexercise.tests.test.api.UserApiTest","shouldCreateUserWithValidPasswordTest"
